{
  "IcoMoonType": "selection",
  "icons": [
    {
      "icon": {
        "paths": [
          "M348.64 242.368c0 241.6 165.728 437.44 370.144 437.44 50.816 0 99.232-12.16 143.328-34.016-54.24 142.72-191.872 244.352-353.632 244.352-209.056 0-378.56-169.504-378.56-378.56 0-154.24 92.416-286.688 224.736-345.696-3.712 24.896-6.016 50.336-6.016 76.48z"
        ],
        "attrs": [
          {}
        ],
        "isMulticolor": false,
        "isMulticolor2": false,
        "tags": [
          "moon",
          "night"
        ],
        "grid": 32
      },
      "attrs": [
        {}
      ],
      "properties": {
        "order": 1,
        "id": 0,
        "prevSize": 32,
        "name": "moon"
      },
      "setIdx": 0,
      "setId": 4,
      "iconIdx": 0
    },
    {
      "icon": {
        "paths": [
          "M195.994 460.8l310.835-310.835-72.397-72.397-434.432 434.432 434.432 434.432 72.397-72.397-310.835-310.835h828.006v-102.4h-828.006z"
        ],
        "attrs": [
          {}
        ],
        "isMulticolor": false,
        "isMulticolor2": false,
        "tags": [
          "arrow-thin-left"
        ],
        "grid": 20
      },
      "attrs": [
        {}
      ],
      "properties": {
        "order": 1,
        "id": 0,
        "prevSize": 20,
        "name": "arrow-thin-left"
      },
      "setIdx": 1,
      "setId": 3,
      "iconIdx": 0
    },
    {
      "icon": {
        "paths": [
          "M721.143 744.571c-20.571 3.429-41.714 5.143-62.857 5.143-212 0-384-172-384-384 0-72.571 21.143-143.429 59.429-204-152 45.143-260.571 184.571-260.571 350.286 0 201.714 164 365.714 365.714 365.714 110.286 0 213.714-50.286 282.286-133.143zM837.143 696c-71.429 154.857-228 254.857-398.286 254.857-241.714 0-438.857-197.143-438.857-438.857 0-237.143 185.714-429.714 422.286-438.286 16-0.571 29.143 8.571 34.857 22.286 6.286 14.286 2.286 30.857-8.571 41.143-65.143 59.429-101.143 140.571-101.143 228.571 0 171.429 139.429 310.857 310.857 310.857 45.143 0 88.571-9.714 130.286-29.143 14.286-6.286 30.286-3.429 41.143 7.429s13.714 27.429 7.429 41.143z"
        ],
        "attrs": [
          {}
        ],
        "width": 843,
        "isMulticolor": false,
        "isMulticolor2": false,
        "tags": [
          "moon-o"
        ],
        "grid": 14
      },
      "attrs": [
        {}
      ],
      "properties": {
        "order": 10,
        "id": 0,
        "prevSize": 28,
        "name": "moon-o"
      },
      "setIdx": 2,
      "setId": 2,
      "iconIdx": 0
    },
    {
      "icon": {
        "paths": [
          "M402.746 877.254l-320-320c-24.994-24.992-24.994-65.516 0-90.51l320-320c24.994-24.992 65.516-24.992 90.51 0 24.994 24.994 24.994 65.516 0 90.51l-210.746 210.746h613.49c35.346 0 64 28.654 64 64s-28.654 64-64 64h-613.49l210.746 210.746c12.496 12.496 18.744 28.876 18.744 45.254s-6.248 32.758-18.744 45.254c-24.994 24.994-65.516 24.994-90.51 0z"
        ],
        "tags": [
          "arrow-left",
          "left",
          "previous"
        ],
        "defaultCode": 59968,
        "grid": 16,
        "attrs": []
      },
      "attrs": [],
      "properties": {
        "ligatures": "arrow-left2, left4",
        "name": "arrow-left2",
        "order": 7,
        "id": 321,
        "prevSize": 32
      },
      "setIdx": 3,
      "setId": 1,
      "iconIdx": 320
    }
  ],
  "height": 1024,
  "preferences": {
    "showGlyphs": true,
    "showQuickUse": true,
    "showQuickUse2": true,
    "showSVGs": true,
    "fontPref": {
      "prefix": "icon-",
      "metadata": {
        "fontFamily": "icomoon"
      },
      "metrics": {
        "emSize": 1024,
        "baseline": 6.25,
        "whitespace": 50
      },
      "embed": false
    },
    "imagePref": {
      "prefix": "icon-",
      "png": true,
      "useClassSelector": true,
      "color": 0,
      "bgColor": 16777215,
      "classSelector": ".icon",
      "name": "icomoon"
    },
    "historySize": 50,
    "showCodes": true,
    "gridSize": 16
  }
}